Method,Job,AnalyzeLaunchVariance,EvaluateOverhead,MaxAbsoluteError,MaxRelativeError,MinInvokeCount,MinIterationTime,OutlierMode,Affinity,EnvironmentVariables,Jit,LargeAddressAware,Platform,PowerPlanMode,Runtime,AllowVeryLargeObjects,Concurrent,CpuGroups,Force,HeapAffinitizeMask,HeapCount,NoAffinitize,RetainVm,Server,Arguments,BuildConfiguration,Clock,EngineFactory,NuGetReferences,Toolchain,IsMutator,InvocationCount,IterationCount,IterationTime,LaunchCount,MaxIterationCount,MaxWarmupIterationCount,MemoryRandomization,MinIterationCount,MinWarmupIterationCount,RunStrategy,UnrollFactor,WarmupCount,Rows,Case,Mean,Error,StdDev,Median,Ratio,RatioSD,Gen0,Gen1,Gen2,Allocated,Alloc Ratio
WritePlank,DefaultJob,False,Default,Default,Default,Default,Default,Default,111111111111,Empty,RyuJit,Default,X64,8c5e7fda-e8bf-4a96-9a85-a6e23a8c635c,.NET 10.0,False,True,False,True,Default,Default,False,False,False,Default,Default,Default,Default,Default,Default,Default,Default,Default,Default,Default,Default,Default,Default,Default,Default,Default,16,Default,1000000,bool/dictionary,"3,273.3 μs",64.00 μs,59.86 μs,"3,260.0 μs",1.00,0.02,0.0000,0.0000,0.0000,0 B,NA
WriteParquetSharp,DefaultJob,False,Default,Default,Default,Default,Default,Default,111111111111,Empty,RyuJit,Default,X64,8c5e7fda-e8bf-4a96-9a85-a6e23a8c635c,.NET 10.0,False,True,False,True,Default,Default,False,False,False,Default,Default,Default,Default,Default,Default,Default,Default,Default,Default,Default,Default,Default,Default,Default,Default,Default,16,Default,1000000,bool/dictionary,"5,622.1 μs",111.12 μs,264.10 μs,"5,672.9 μs",1.72,0.09,0.0000,0.0000,0.0000,167752 B,NA
WriteParquetNetAsync,DefaultJob,False,Default,Default,Default,Default,Default,Default,111111111111,Empty,RyuJit,Default,X64,8c5e7fda-e8bf-4a96-9a85-a6e23a8c635c,.NET 10.0,False,True,False,True,Default,Default,False,False,False,Default,Default,Default,Default,Default,Default,Default,Default,Default,Default,Default,Default,Default,Default,Default,Default,Default,16,Default,1000000,bool/dictionary,157.0 μs,2.58 μs,2.41 μs,155.8 μs,0.05,0.00,0.4883,0.0000,0.0000,5512 B,NA
WritePlank,DefaultJob,False,Default,Default,Default,Default,Default,Default,111111111111,Empty,RyuJit,Default,X64,8c5e7fda-e8bf-4a96-9a85-a6e23a8c635c,.NET 10.0,False,True,False,True,Default,Default,False,False,False,Default,Default,Default,Default,Default,Default,Default,Default,Default,Default,Default,Default,Default,Default,Default,Default,Default,16,Default,1000000,bool/plain,"1,224.8 μs",22.03 μs,20.61 μs,"1,226.7 μs",1.00,0.02,0.0000,0.0000,0.0000,0 B,NA
WriteParquetSharp,DefaultJob,False,Default,Default,Default,Default,Default,Default,111111111111,Empty,RyuJit,Default,X64,8c5e7fda-e8bf-4a96-9a85-a6e23a8c635c,.NET 10.0,False,True,False,True,Default,Default,False,False,False,Default,Default,Default,Default,Default,Default,Default,Default,Default,Default,Default,Default,Default,Default,Default,Default,Default,16,Default,1000000,bool/plain,"5,746.4 μs",110.85 μs,158.98 μs,"5,769.2 μs",4.69,0.15,0.0000,0.0000,0.0000,167752 B,NA
WriteParquetNetAsync,DefaultJob,False,Default,Default,Default,Default,Default,Default,111111111111,Empty,RyuJit,Default,X64,8c5e7fda-e8bf-4a96-9a85-a6e23a8c635c,.NET 10.0,False,True,False,True,Default,Default,False,False,False,Default,Default,Default,Default,Default,Default,Default,Default,Default,Default,Default,Default,Default,Default,Default,Default,Default,16,Default,1000000,bool/plain,155.7 μs,2.51 μs,2.10 μs,155.4 μs,0.13,0.00,0.4883,0.0000,0.0000,5432 B,NA
WritePlank,DefaultJob,False,Default,Default,Default,Default,Default,Default,111111111111,Empty,RyuJit,Default,X64,8c5e7fda-e8bf-4a96-9a85-a6e23a8c635c,.NET 10.0,False,True,False,True,Default,Default,False,False,False,Default,Default,Default,Default,Default,Default,Default,Default,Default,Default,Default,Default,Default,Default,Default,Default,Default,16,Default,1000000,doubl(...)split [24],"5,227.3 μs",102.37 μs,90.75 μs,"5,216.7 μs",1.00,0.02,0.0000,0.0000,0.0000,0 B,NA
WriteParquetSharp,DefaultJob,False,Default,Default,Default,Default,Default,Default,111111111111,Empty,RyuJit,Default,X64,8c5e7fda-e8bf-4a96-9a85-a6e23a8c635c,.NET 10.0,False,True,False,True,Default,Default,False,False,False,Default,Default,Default,Default,Default,Default,Default,Default,Default,Default,Default,Default,Default,Default,Default,Default,Default,16,Default,1000000,doubl(...)split [24],"10,917.2 μs",213.08 μs,284.46 μs,"10,897.3 μs",2.09,0.06,0.0000,0.0000,0.0000,8072272 B,NA
WriteParquetNetAsync,DefaultJob,False,Default,Default,Default,Default,Default,Default,111111111111,Empty,RyuJit,Default,X64,8c5e7fda-e8bf-4a96-9a85-a6e23a8c635c,.NET 10.0,False,True,False,True,Default,Default,False,False,False,Default,Default,Default,Default,Default,Default,Default,Default,Default,Default,Default,Default,Default,Default,Default,Default,Default,16,Default,1000000,doubl(...)split [24],NA,NA,NA,NA,?,?,NA,NA,NA,NA,?
WritePlank,DefaultJob,False,Default,Default,Default,Default,Default,Default,111111111111,Empty,RyuJit,Default,X64,8c5e7fda-e8bf-4a96-9a85-a6e23a8c635c,.NET 10.0,False,True,False,True,Default,Default,False,False,False,Default,Default,Default,Default,Default,Default,Default,Default,Default,Default,Default,Default,Default,Default,Default,Default,Default,16,Default,1000000,double/dictionary,"10,653.7 μs",182.78 μs,142.70 μs,"10,672.7 μs",1.00,0.02,0.0000,0.0000,0.0000,0 B,NA
WriteParquetSharp,DefaultJob,False,Default,Default,Default,Default,Default,Default,111111111111,Empty,RyuJit,Default,X64,8c5e7fda-e8bf-4a96-9a85-a6e23a8c635c,.NET 10.0,False,True,False,True,Default,Default,False,False,False,Default,Default,Default,Default,Default,Default,Default,Default,Default,Default,Default,Default,Default,Default,Default,Default,Default,16,Default,1000000,double/dictionary,"14,616.5 μs",289.58 μs,604.47 μs,"14,570.5 μs",1.37,0.06,0.0000,0.0000,0.0000,1903656 B,NA
WriteParquetNetAsync,DefaultJob,False,Default,Default,Default,Default,Default,Default,111111111111,Empty,RyuJit,Default,X64,8c5e7fda-e8bf-4a96-9a85-a6e23a8c635c,.NET 10.0,False,True,False,True,Default,Default,False,False,False,Default,Default,Default,Default,Default,Default,Default,Default,Default,Default,Default,Default,Default,Default,Default,Default,Default,16,Default,1000000,double/dictionary,"2,616.5 μs",52.27 μs,125.23 μs,"2,600.0 μs",0.25,0.01,0.0000,0.0000,0.0000,8080 B,NA
WritePlank,DefaultJob,False,Default,Default,Default,Default,Default,Default,111111111111,Empty,RyuJit,Default,X64,8c5e7fda-e8bf-4a96-9a85-a6e23a8c635c,.NET 10.0,False,True,False,True,Default,Default,False,False,False,Default,Default,Default,Default,Default,Default,Default,Default,Default,Default,Default,Default,Default,Default,Default,Default,Default,16,Default,1000000,double/plain,"2,763.2 μs",54.48 μs,66.90 μs,"2,752.1 μs",1.00,0.03,0.0000,0.0000,0.0000,0 B,NA
WriteParquetSharp,DefaultJob,False,Default,Default,Default,Default,Default,Default,111111111111,Empty,RyuJit,Default,X64,8c5e7fda-e8bf-4a96-9a85-a6e23a8c635c,.NET 10.0,False,True,False,True,Default,Default,False,False,False,Default,Default,Default,Default,Default,Default,Default,Default,Default,Default,Default,Default,Default,Default,Default,Default,Default,16,Default,1000000,double/plain,"7,876.4 μs",155.17 μs,267.66 μs,"7,800.2 μs",2.85,0.12,31.2500,31.2500,31.2500,8072423 B,NA
WriteParquetNetAsync,DefaultJob,False,Default,Default,Default,Default,Default,Default,111111111111,Empty,RyuJit,Default,X64,8c5e7fda-e8bf-4a96-9a85-a6e23a8c635c,.NET 10.0,False,True,False,True,Default,Default,False,False,False,Default,Default,Default,Default,Default,Default,Default,Default,Default,Default,Default,Default,Default,Default,Default,Default,Default,16,Default,1000000,double/plain,"2,841.1 μs",56.70 μs,138.01 μs,"2,814.9 μs",1.03,0.06,0.0000,0.0000,0.0000,8080 B,NA
WritePlank,DefaultJob,False,Default,Default,Default,Default,Default,Default,111111111111,Empty,RyuJit,Default,X64,8c5e7fda-e8bf-4a96-9a85-a6e23a8c635c,.NET 10.0,False,True,False,True,Default,Default,False,False,False,Default,Default,Default,Default,Default,Default,Default,Default,Default,Default,Default,Default,Default,Default,Default,Default,Default,16,Default,1000000,float(...)split [23],"3,315.6 μs",24.29 μs,18.96 μs,"3,322.3 μs",1.00,0.01,0.0000,0.0000,0.0000,0 B,NA
WriteParquetSharp,DefaultJob,False,Default,Default,Default,Default,Default,Default,111111111111,Empty,RyuJit,Default,X64,8c5e7fda-e8bf-4a96-9a85-a6e23a8c635c,.NET 10.0,False,True,False,True,Default,Default,False,False,False,Default,Default,Default,Default,Default,Default,Default,Default,Default,Default,Default,Default,Default,Default,Default,Default,Default,16,Default,1000000,float(...)split [23],"6,018.7 μs",104.83 μs,146.96 μs,"6,019.3 μs",1.82,0.04,0.0000,0.0000,0.0000,4055384 B,NA
WriteParquetNetAsync,DefaultJob,False,Default,Default,Default,Default,Default,Default,111111111111,Empty,RyuJit,Default,X64,8c5e7fda-e8bf-4a96-9a85-a6e23a8c635c,.NET 10.0,False,True,False,True,Default,Default,False,False,False,Default,Default,Default,Default,Default,Default,Default,Default,Default,Default,Default,Default,Default,Default,Default,Default,Default,16,Default,1000000,float(...)split [23],NA,NA,NA,NA,?,?,NA,NA,NA,NA,?
WritePlank,DefaultJob,False,Default,Default,Default,Default,Default,Default,111111111111,Empty,RyuJit,Default,X64,8c5e7fda-e8bf-4a96-9a85-a6e23a8c635c,.NET 10.0,False,True,False,True,Default,Default,False,False,False,Default,Default,Default,Default,Default,Default,Default,Default,Default,Default,Default,Default,Default,Default,Default,Default,Default,16,Default,1000000,float/dictionary,"10,757.3 μs",204.75 μs,243.74 μs,"10,748.8 μs",1.00,0.03,0.0000,0.0000,0.0000,0 B,NA
WriteParquetSharp,DefaultJob,False,Default,Default,Default,Default,Default,Default,111111111111,Empty,RyuJit,Default,X64,8c5e7fda-e8bf-4a96-9a85-a6e23a8c635c,.NET 10.0,False,True,False,True,Default,Default,False,False,False,Default,Default,Default,Default,Default,Default,Default,Default,Default,Default,Default,Default,Default,Default,Default,Default,Default,16,Default,1000000,float/dictionary,"13,538.9 μs",270.16 μs,321.61 μs,"13,603.6 μs",1.26,0.04,0.0000,0.0000,0.0000,1847240 B,NA
WriteParquetNetAsync,DefaultJob,False,Default,Default,Default,Default,Default,Default,111111111111,Empty,RyuJit,Default,X64,8c5e7fda-e8bf-4a96-9a85-a6e23a8c635c,.NET 10.0,False,True,False,True,Default,Default,False,False,False,Default,Default,Default,Default,Default,Default,Default,Default,Default,Default,Default,Default,Default,Default,Default,Default,Default,16,Default,1000000,float/dictionary,"1,172.5 μs",24.81 μs,72.75 μs,"1,149.1 μs",0.11,0.01,0.0000,0.0000,0.0000,6840 B,NA
WritePlank,DefaultJob,False,Default,Default,Default,Default,Default,Default,111111111111,Empty,RyuJit,Default,X64,8c5e7fda-e8bf-4a96-9a85-a6e23a8c635c,.NET 10.0,False,True,False,True,Default,Default,False,False,False,Default,Default,Default,Default,Default,Default,Default,Default,Default,Default,Default,Default,Default,Default,Default,Default,Default,16,Default,1000000,float/plain,"2,228.8 μs",43.76 μs,44.93 μs,"2,238.5 μs",1.00,0.03,0.0000,0.0000,0.0000,0 B,NA
WriteParquetSharp,DefaultJob,False,Default,Default,Default,Default,Default,Default,111111111111,Empty,RyuJit,Default,X64,8c5e7fda-e8bf-4a96-9a85-a6e23a8c635c,.NET 10.0,False,True,False,True,Default,Default,False,False,False,Default,Default,Default,Default,Default,Default,Default,Default,Default,Default,Default,Default,Default,Default,Default,Default,Default,16,Default,1000000,float/plain,"4,761.2 μs",92.37 μs,129.49 μs,"4,724.7 μs",2.14,0.07,15.6250,15.6250,15.6250,4055429 B,NA
WriteParquetNetAsync,DefaultJob,False,Default,Default,Default,Default,Default,Default,111111111111,Empty,RyuJit,Default,X64,8c5e7fda-e8bf-4a96-9a85-a6e23a8c635c,.NET 10.0,False,True,False,True,Default,Default,False,False,False,Default,Default,Default,Default,Default,Default,Default,Default,Default,Default,Default,Default,Default,Default,Default,Default,Default,16,Default,1000000,float/plain,958.7 μs,12.20 μs,19.70 μs,957.0 μs,0.43,0.01,0.0000,0.0000,0.0000,6840 B,NA
WritePlank,DefaultJob,False,Default,Default,Default,Default,Default,Default,111111111111,Empty,RyuJit,Default,X64,8c5e7fda-e8bf-4a96-9a85-a6e23a8c635c,.NET 10.0,False,True,False,True,Default,Default,False,False,False,Default,Default,Default,Default,Default,Default,Default,Default,Default,Default,Default,Default,Default,Default,Default,Default,Default,16,Default,1000000,int32(...)split [23],"2,416.6 μs",40.32 μs,35.74 μs,"2,411.4 μs",1.00,0.02,0.0000,0.0000,0.0000,0 B,NA
WriteParquetSharp,DefaultJob,False,Default,Default,Default,Default,Default,Default,111111111111,Empty,RyuJit,Default,X64,8c5e7fda-e8bf-4a96-9a85-a6e23a8c635c,.NET 10.0,False,True,False,True,Default,Default,False,False,False,Default,Default,Default,Default,Default,Default,Default,Default,Default,Default,Default,Default,Default,Default,Default,Default,Default,16,Default,1000000,int32(...)split [23],"4,545.7 μs",123.49 μs,340.12 μs,"4,482.6 μs",1.88,0.14,15.6250,15.6250,15.6250,4055934 B,NA
WriteParquetNetAsync,DefaultJob,False,Default,Default,Default,Default,Default,Default,111111111111,Empty,RyuJit,Default,X64,8c5e7fda-e8bf-4a96-9a85-a6e23a8c635c,.NET 10.0,False,True,False,True,Default,Default,False,False,False,Default,Default,Default,Default,Default,Default,Default,Default,Default,Default,Default,Default,Default,Default,Default,Default,Default,16,Default,1000000,int32(...)split [23],NA,NA,NA,NA,?,?,NA,NA,NA,NA,?
WritePlank,DefaultJob,False,Default,Default,Default,Default,Default,Default,111111111111,Empty,RyuJit,Default,X64,8c5e7fda-e8bf-4a96-9a85-a6e23a8c635c,.NET 10.0,False,True,False,True,Default,Default,False,False,False,Default,Default,Default,Default,Default,Default,Default,Default,Default,Default,Default,Default,Default,Default,Default,Default,Default,16,Default,1000000,int32(...)acked [25],"2,390.7 μs",46.13 μs,61.58 μs,"2,380.6 μs",1.00,0.04,0.0000,0.0000,0.0000,0 B,NA
WriteParquetSharp,DefaultJob,False,Default,Default,Default,Default,Default,Default,111111111111,Empty,RyuJit,Default,X64,8c5e7fda-e8bf-4a96-9a85-a6e23a8c635c,.NET 10.0,False,True,False,True,Default,Default,False,False,False,Default,Default,Default,Default,Default,Default,Default,Default,Default,Default,Default,Default,Default,Default,Default,Default,Default,16,Default,1000000,int32(...)acked [25],"3,666.9 μs",49.03 μs,43.46 μs,"3,662.9 μs",1.53,0.04,7.8125,0.0000,0.0000,97056 B,NA
WriteParquetNetAsync,DefaultJob,False,Default,Default,Default,Default,Default,Default,111111111111,Empty,RyuJit,Default,X64,8c5e7fda-e8bf-4a96-9a85-a6e23a8c635c,.NET 10.0,False,True,False,True,Default,Default,False,False,False,Default,Default,Default,Default,Default,Default,Default,Default,Default,Default,Default,Default,Default,Default,Default,Default,Default,16,Default,1000000,int32(...)acked [25],"3,080.4 μs",60.82 μs,56.89 μs,"3,066.6 μs",1.29,0.04,89.8438,0.0000,0.0000,763032 B,NA
WritePlank,DefaultJob,False,Default,Default,Default,Default,Default,Default,111111111111,Empty,RyuJit,Default,X64,8c5e7fda-e8bf-4a96-9a85-a6e23a8c635c,.NET 10.0,False,True,False,True,Default,Default,False,False,False,Default,Default,Default,Default,Default,Default,Default,Default,Default,Default,Default,Default,Default,Default,Default,Default,Default,16,Default,1000000,int32/dictionary,"6,675.0 μs",91.06 μs,80.73 μs,"6,687.6 μs",1.00,0.02,0.0000,0.0000,0.0000,0 B,NA
WriteParquetSharp,DefaultJob,False,Default,Default,Default,Default,Default,Default,111111111111,Empty,RyuJit,Default,X64,8c5e7fda-e8bf-4a96-9a85-a6e23a8c635c,.NET 10.0,False,True,False,True,Default,Default,False,False,False,Default,Default,Default,Default,Default,Default,Default,Default,Default,Default,Default,Default,Default,Default,Default,Default,Default,16,Default,1000000,int32/dictionary,"14,132.7 μs",313.05 μs,888.06 μs,"13,979.3 μs",2.12,0.13,0.0000,0.0000,0.0000,2582800 B,NA
WriteParquetNetAsync,DefaultJob,False,Default,Default,Default,Default,Default,Default,111111111111,Empty,RyuJit,Default,X64,8c5e7fda-e8bf-4a96-9a85-a6e23a8c635c,.NET 10.0,False,True,False,True,Default,Default,False,False,False,Default,Default,Default,Default,Default,Default,Default,Default,Default,Default,Default,Default,Default,Default,Default,Default,Default,16,Default,1000000,int32/dictionary,"1,137.3 μs",22.66 μs,50.22 μs,"1,132.1 μs",0.17,0.01,0.0000,0.0000,0.0000,7016 B,NA
WritePlank,DefaultJob,False,Default,Default,Default,Default,Default,Default,111111111111,Empty,RyuJit,Default,X64,8c5e7fda-e8bf-4a96-9a85-a6e23a8c635c,.NET 10.0,False,True,False,True,Default,Default,False,False,False,Default,Default,Default,Default,Default,Default,Default,Default,Default,Default,Default,Default,Default,Default,Default,Default,Default,16,Default,1000000,int32/plain,"1,927.7 μs",34.34 μs,32.12 μs,"1,920.5 μs",1.00,0.02,0.0000,0.0000,0.0000,0 B,NA
WriteParquetSharp,DefaultJob,False,Default,Default,Default,Default,Default,Default,111111111111,Empty,RyuJit,Default,X64,8c5e7fda-e8bf-4a96-9a85-a6e23a8c635c,.NET 10.0,False,True,False,True,Default,Default,False,False,False,Default,Default,Default,Default,Default,Default,Default,Default,Default,Default,Default,Default,Default,Default,Default,Default,Default,16,Default,1000000,int32/plain,"3,258.8 μs",90.17 μs,260.16 μs,"3,168.7 μs",1.69,0.14,15.6250,15.6250,15.6250,4055966 B,NA
WriteParquetNetAsync,DefaultJob,False,Default,Default,Default,Default,Default,Default,111111111111,Empty,RyuJit,Default,X64,8c5e7fda-e8bf-4a96-9a85-a6e23a8c635c,.NET 10.0,False,True,False,True,Default,Default,False,False,False,Default,Default,Default,Default,Default,Default,Default,Default,Default,Default,Default,Default,Default,Default,Default,Default,Default,16,Default,1000000,int32/plain,779.6 μs,15.08 μs,11.78 μs,779.2 μs,0.40,0.01,0.0000,0.0000,0.0000,7016 B,NA
WritePlank,DefaultJob,False,Default,Default,Default,Default,Default,Default,111111111111,Empty,RyuJit,Default,X64,8c5e7fda-e8bf-4a96-9a85-a6e23a8c635c,.NET 10.0,False,True,False,True,Default,Default,False,False,False,Default,Default,Default,Default,Default,Default,Default,Default,Default,Default,Default,Default,Default,Default,Default,Default,Default,16,Default,1000000,int64(...)split [23],"3,601.4 μs",30.40 μs,26.95 μs,"3,593.3 μs",1.00,0.01,0.0000,0.0000,0.0000,0 B,NA
WriteParquetSharp,DefaultJob,False,Default,Default,Default,Default,Default,Default,111111111111,Empty,RyuJit,Default,X64,8c5e7fda-e8bf-4a96-9a85-a6e23a8c635c,.NET 10.0,False,True,False,True,Default,Default,False,False,False,Default,Default,Default,Default,Default,Default,Default,Default,Default,Default,Default,Default,Default,Default,Default,Default,Default,16,Default,1000000,int64(...)split [23],"8,332.3 μs",162.18 μs,252.50 μs,"8,218.4 μs",2.31,0.07,31.2500,31.2500,31.2500,8072866 B,NA
WriteParquetNetAsync,DefaultJob,False,Default,Default,Default,Default,Default,Default,111111111111,Empty,RyuJit,Default,X64,8c5e7fda-e8bf-4a96-9a85-a6e23a8c635c,.NET 10.0,False,True,False,True,Default,Default,False,False,False,Default,Default,Default,Default,Default,Default,Default,Default,Default,Default,Default,Default,Default,Default,Default,Default,Default,16,Default,1000000,int64(...)split [23],NA,NA,NA,NA,?,?,NA,NA,NA,NA,?
WritePlank,DefaultJob,False,Default,Default,Default,Default,Default,Default,111111111111,Empty,RyuJit,Default,X64,8c5e7fda-e8bf-4a96-9a85-a6e23a8c635c,.NET 10.0,False,True,False,True,Default,Default,False,False,False,Default,Default,Default,Default,Default,Default,Default,Default,Default,Default,Default,Default,Default,Default,Default,Default,Default,16,Default,1000000,int64(...)acked [25],"2,166.7 μs",24.18 μs,21.44 μs,"2,159.4 μs",1.00,0.01,0.0000,0.0000,0.0000,0 B,NA
WriteParquetSharp,DefaultJob,False,Default,Default,Default,Default,Default,Default,111111111111,Empty,RyuJit,Default,X64,8c5e7fda-e8bf-4a96-9a85-a6e23a8c635c,.NET 10.0,False,True,False,True,Default,Default,False,False,False,Default,Default,Default,Default,Default,Default,Default,Default,Default,Default,Default,Default,Default,Default,Default,Default,Default,16,Default,1000000,int64(...)acked [25],"4,074.1 μs",80.19 μs,176.01 μs,"4,040.6 μs",1.88,0.08,7.8125,0.0000,0.0000,91400 B,NA
WriteParquetNetAsync,DefaultJob,False,Default,Default,Default,Default,Default,Default,111111111111,Empty,RyuJit,Default,X64,8c5e7fda-e8bf-4a96-9a85-a6e23a8c635c,.NET 10.0,False,True,False,True,Default,Default,False,False,False,Default,Default,Default,Default,Default,Default,Default,Default,Default,Default,Default,Default,Default,Default,Default,Default,Default,16,Default,1000000,int64(...)acked [25],"3,077.0 μs",50.80 μs,45.03 μs,"3,077.6 μs",1.42,0.02,89.8438,0.0000,0.0000,756120 B,NA
WritePlank,DefaultJob,False,Default,Default,Default,Default,Default,Default,111111111111,Empty,RyuJit,Default,X64,8c5e7fda-e8bf-4a96-9a85-a6e23a8c635c,.NET 10.0,False,True,False,True,Default,Default,False,False,False,Default,Default,Default,Default,Default,Default,Default,Default,Default,Default,Default,Default,Default,Default,Default,Default,Default,16,Default,1000000,int64/dictionary,"7,368.3 μs",93.92 μs,87.86 μs,"7,414.1 μs",1.00,0.02,0.0000,0.0000,0.0000,0 B,NA
WriteParquetSharp,DefaultJob,False,Default,Default,Default,Default,Default,Default,111111111111,Empty,RyuJit,Default,X64,8c5e7fda-e8bf-4a96-9a85-a6e23a8c635c,.NET 10.0,False,True,False,True,Default,Default,False,False,False,Default,Default,Default,Default,Default,Default,Default,Default,Default,Default,Default,Default,Default,Default,Default,Default,Default,16,Default,1000000,int64/dictionary,"82,248.2 μs","1,630.72 μs","2,586.49 μs","81,823.6 μs",11.16,0.37,0.0000,0.0000,0.0000,10521680 B,NA
WriteParquetNetAsync,DefaultJob,False,Default,Default,Default,Default,Default,Default,111111111111,Empty,RyuJit,Default,X64,8c5e7fda-e8bf-4a96-9a85-a6e23a8c635c,.NET 10.0,False,True,False,True,Default,Default,False,False,False,Default,Default,Default,Default,Default,Default,Default,Default,Default,Default,Default,Default,Default,Default,Default,Default,Default,16,Default,1000000,int64/dictionary,"2,593.4 μs",50.56 μs,137.54 μs,"2,545.3 μs",0.35,0.02,0.0000,0.0000,0.0000,8256 B,NA
WritePlank,DefaultJob,False,Default,Default,Default,Default,Default,Default,111111111111,Empty,RyuJit,Default,X64,8c5e7fda-e8bf-4a96-9a85-a6e23a8c635c,.NET 10.0,False,True,False,True,Default,Default,False,False,False,Default,Default,Default,Default,Default,Default,Default,Default,Default,Default,Default,Default,Default,Default,Default,Default,Default,16,Default,1000000,int64/plain,"1,970.4 μs",39.37 μs,61.30 μs,"1,957.3 μs",1.00,0.04,0.0000,0.0000,0.0000,0 B,NA
WriteParquetSharp,DefaultJob,False,Default,Default,Default,Default,Default,Default,111111111111,Empty,RyuJit,Default,X64,8c5e7fda-e8bf-4a96-9a85-a6e23a8c635c,.NET 10.0,False,True,False,True,Default,Default,False,False,False,Default,Default,Default,Default,Default,Default,Default,Default,Default,Default,Default,Default,Default,Default,Default,Default,Default,16,Default,1000000,int64/plain,"5,739.1 μs",114.32 μs,286.80 μs,"5,676.4 μs",2.92,0.17,0.0000,0.0000,0.0000,8072672 B,NA
WriteParquetNetAsync,DefaultJob,False,Default,Default,Default,Default,Default,Default,111111111111,Empty,RyuJit,Default,X64,8c5e7fda-e8bf-4a96-9a85-a6e23a8c635c,.NET 10.0,False,True,False,True,Default,Default,False,False,False,Default,Default,Default,Default,Default,Default,Default,Default,Default,Default,Default,Default,Default,Default,Default,Default,Default,16,Default,1000000,int64/plain,"2,734.1 μs",92.84 μs,263.37 μs,"2,675.7 μs",1.39,0.14,0.0000,0.0000,0.0000,8256 B,NA
WritePlank,DefaultJob,False,Default,Default,Default,Default,Default,Default,111111111111,Empty,RyuJit,Default,X64,8c5e7fda-e8bf-4a96-9a85-a6e23a8c635c,.NET 10.0,False,True,False,True,Default,Default,False,False,False,Default,Default,Default,Default,Default,Default,Default,Default,Default,Default,Default,Default,Default,Default,Default,Default,Default,16,Default,1000000,strin(...)array [23],"23,861.2 μs",466.74 μs,876.66 μs,"23,562.3 μs",1.00,0.05,0.0000,0.0000,0.0000,128 B,1.00
WriteParquetSharp,DefaultJob,False,Default,Default,Default,Default,Default,Default,111111111111,Empty,RyuJit,Default,X64,8c5e7fda-e8bf-4a96-9a85-a6e23a8c635c,.NET 10.0,False,True,False,True,Default,Default,False,False,False,Default,Default,Default,Default,Default,Default,Default,Default,Default,Default,Default,Default,Default,Default,Default,Default,Default,16,Default,1000000,strin(...)array [23],"48,138.3 μs",744.96 μs,696.84 μs,"48,258.9 μs",2.02,0.08,909.0909,181.8182,0.0000,10080400 B,"78,753.12"
WriteParquetNetAsync,DefaultJob,False,Default,Default,Default,Default,Default,Default,111111111111,Empty,RyuJit,Default,X64,8c5e7fda-e8bf-4a96-9a85-a6e23a8c635c,.NET 10.0,False,True,False,True,Default,Default,False,False,False,Default,Default,Default,Default,Default,Default,Default,Default,Default,Default,Default,Default,Default,Default,Default,Default,Default,16,Default,1000000,strin(...)array [23],NA,NA,NA,NA,?,?,NA,NA,NA,NA,?
WritePlank,DefaultJob,False,Default,Default,Default,Default,Default,Default,111111111111,Empty,RyuJit,Default,X64,8c5e7fda-e8bf-4a96-9a85-a6e23a8c635c,.NET 10.0,False,True,False,True,Default,Default,False,False,False,Default,Default,Default,Default,Default,Default,Default,Default,Default,Default,Default,Default,Default,Default,Default,Default,Default,16,Default,1000000,strin(...)array [30],"19,873.0 μs",387.35 μs,957.44 μs,"19,636.5 μs",1.00,0.07,0.0000,0.0000,0.0000,128 B,1.00
WriteParquetSharp,DefaultJob,False,Default,Default,Default,Default,Default,Default,111111111111,Empty,RyuJit,Default,X64,8c5e7fda-e8bf-4a96-9a85-a6e23a8c635c,.NET 10.0,False,True,False,True,Default,Default,False,False,False,Default,Default,Default,Default,Default,Default,Default,Default,Default,Default,Default,Default,Default,Default,Default,Default,Default,16,Default,1000000,strin(...)array [30],"40,177.7 μs",749.20 μs,700.81 μs,"39,956.7 μs",2.03,0.10,916.6667,166.6667,0.0000,15818976 B,"123,585.75"
WriteParquetNetAsync,DefaultJob,False,Default,Default,Default,Default,Default,Default,111111111111,Empty,RyuJit,Default,X64,8c5e7fda-e8bf-4a96-9a85-a6e23a8c635c,.NET 10.0,False,True,False,True,Default,Default,False,False,False,Default,Default,Default,Default,Default,Default,Default,Default,Default,Default,Default,Default,Default,Default,Default,Default,Default,16,Default,1000000,strin(...)array [30],NA,NA,NA,NA,?,?,NA,NA,NA,NA,?
WritePlank,DefaultJob,False,Default,Default,Default,Default,Default,Default,111111111111,Empty,RyuJit,Default,X64,8c5e7fda-e8bf-4a96-9a85-a6e23a8c635c,.NET 10.0,False,True,False,True,Default,Default,False,False,False,Default,Default,Default,Default,Default,Default,Default,Default,Default,Default,Default,Default,Default,Default,Default,Default,Default,16,Default,1000000,string/dictionary,"24,776.5 μs",490.25 μs,"1,076.11 μs","24,466.9 μs",1.00,0.06,0.0000,0.0000,0.0000,128 B,1.00
WriteParquetSharp,DefaultJob,False,Default,Default,Default,Default,Default,Default,111111111111,Empty,RyuJit,Default,X64,8c5e7fda-e8bf-4a96-9a85-a6e23a8c635c,.NET 10.0,False,True,False,True,Default,Default,False,False,False,Default,Default,Default,Default,Default,Default,Default,Default,Default,Default,Default,Default,Default,Default,Default,Default,Default,16,Default,1000000,string/dictionary,"47,354.9 μs",939.80 μs,"1,082.27 μs","47,352.4 μs",1.91,0.09,875.0000,125.0000,0.0000,9700600 B,"75,785.94"
WriteParquetNetAsync,DefaultJob,False,Default,Default,Default,Default,Default,Default,111111111111,Empty,RyuJit,Default,X64,8c5e7fda-e8bf-4a96-9a85-a6e23a8c635c,.NET 10.0,False,True,False,True,Default,Default,False,False,False,Default,Default,Default,Default,Default,Default,Default,Default,Default,Default,Default,Default,Default,Default,Default,Default,Default,16,Default,1000000,string/dictionary,"30,376.9 μs",579.18 μs,643.75 μs,"30,494.4 μs",1.23,0.06,0.0000,0.0000,0.0000,41962920 B,"327,835.31"
WritePlank,DefaultJob,False,Default,Default,Default,Default,Default,Default,111111111111,Empty,RyuJit,Default,X64,8c5e7fda-e8bf-4a96-9a85-a6e23a8c635c,.NET 10.0,False,True,False,True,Default,Default,False,False,False,Default,Default,Default,Default,Default,Default,Default,Default,Default,Default,Default,Default,Default,Default,Default,Default,Default,16,Default,1000000,string/plain,"16,313.2 μs",290.44 μs,425.73 μs,"16,247.7 μs",1.00,0.04,0.0000,0.0000,0.0000,128 B,1.00
WriteParquetSharp,DefaultJob,False,Default,Default,Default,Default,Default,Default,111111111111,Empty,RyuJit,Default,X64,8c5e7fda-e8bf-4a96-9a85-a6e23a8c635c,.NET 10.0,False,True,False,True,Default,Default,False,False,False,Default,Default,Default,Default,Default,Default,Default,Default,Default,Default,Default,Default,Default,Default,Default,Default,Default,16,Default,1000000,string/plain,"42,442.1 μs",827.45 μs,"1,513.04 μs","42,273.3 μs",2.60,0.11,750.0000,0.0000,0.0000,19758896 B,"154,366.38"
WriteParquetNetAsync,DefaultJob,False,Default,Default,Default,Default,Default,Default,111111111111,Empty,RyuJit,Default,X64,8c5e7fda-e8bf-4a96-9a85-a6e23a8c635c,.NET 10.0,False,True,False,True,Default,Default,False,False,False,Default,Default,Default,Default,Default,Default,Default,Default,Default,Default,Default,Default,Default,Default,Default,Default,Default,16,Default,1000000,string/plain,"35,066.7 μs",693.13 μs,"1,037.45 μs","34,937.5 μs",2.15,0.08,3800.0000,0.0000,0.0000,32042000 B,"250,328.12"
